{"cameraMode":{"drawMode":0,"name":"Shaded","section":"Shading Mode"},"sceneLighting":true,"audioPlay":false,"sceneViewState":{"showFog":false,"showMaterialUpdate":false,"showSkybox":false,"showFlares":false,"showImageEffects":false,"showParticleSystems":false},"in2DMode":false,"pivot":{"x":-52.76978302001953,"y":-47.832801818847659,"z":15.46877670288086},"rotation":{"x":-0.27838408946990969,"y":0.5396057963371277,"z":-0.19502303004264832,"w":-0.7702575922012329},"size":24.46701431274414,"orthographic":false}