{"cameraMode":{"drawMode":0,"name":"Shaded","section":"Shading Mode"},"sceneLighting":false,"audioPlay":false,"sceneViewState":{"showFog":false,"showMaterialUpdate":false,"showSkybox":false,"showFlares":false,"showImageEffects":false,"showParticleSystems":false},"in2DMode":false,"pivot":{"x":-7.140000343322754,"y":2.0470447540283205,"z":0.0000095367431640625},"rotation":{"x":-0.27838408946990969,"y":0.5396057963371277,"z":-0.19502303004264832,"w":-0.7702575922012329},"size":41.3421745300293,"orthographic":false}